Generation,Avg_Scalar_Fitness,Max_Scalar_Fitness,Avg_Defeated_Enemies,Max_Defeated_Enemies,Avg_Gain,Max_Gain,Avg_Life,Max_Life,Avg_Time,Min_Time,Euclidean_Diversity,Std_Dev
0,-9.274267073026317,378.7339937727471,0.0975,2,-22.523936735999232,113.99116611695665,4.6845000000000026,124.0,19918317907.870018,651367078.9999994,13.259462110508165,0.575484457276732
1,24.21795419074296,378.7339937727471,0.165,2,-44.51730075981338,113.99116611695665,8.102500000000004,124.0,8873501926.462498,651367078.9999994,13.240712361374843,0.5745271429346797
2,75.56089280223873,378.7339937727471,0.325,2,-71.74016215779722,113.99116611695665,15.94400000000001,124.0,8735368083.404997,605675615.0000012,13.186157528257697,0.5718473067249888
3,116.9376714110525,378.7339937727471,0.5675,2,-79.85995717623308,113.99116611695665,26.959000000000014,124.0,10649632495.297495,364264991.00000054,13.147147676065904,0.5695962554594151
4,150.2818143857358,378.7339937727471,0.9025,2,-69.59267860007489,29.785711438477882,41.245,124.0,3700568040.255001,364264991.00000054,13.115984623062314,0.5675518138088346
5,150.9689717315181,378.7339937727471,0.93,2,-72.93979284240004,29.785711438477882,40.23,124.0,3299879372.915,364264991.00000054,13.127992040839082,0.5658211430802983
0,-9.274267073026317,378.7339937727471,0.0975,2,-22.523936735999232,113.99116611695665,4.6845000000000026,124.0,19918317907.870018,651367078.9999994,13.259462110508165,0.575484457276732
1,24.21795419074296,378.7339937727471,0.165,2,-44.51730075981338,113.99116611695665,8.102500000000004,124.0,8873501926.462498,651367078.9999994,13.240712361374843,0.5745271429346797
2,75.56089280223873,378.7339937727471,0.325,2,-71.74016215779722,113.99116611695665,15.94400000000001,124.0,8735368083.404997,605675615.0000012,13.186157528257697,0.5718473067249888
3,116.9376714110525,378.7339937727471,0.5675,2,-79.85995717623308,113.99116611695665,26.959000000000014,124.0,10649632495.297495,364264991.00000054,13.147147676065904,0.5695962554594151
4,150.2818143857358,378.7339937727471,0.9025,2,-69.59267860007489,29.785711438477882,41.245,124.0,3700568040.255001,364264991.00000054,13.115984623062314,0.5675518138088346
5,150.9689717315181,378.7339937727471,0.93,2,-72.93979284240004,29.785711438477882,40.23,124.0,3299879372.915,364264991.00000054,13.127992040839082,0.5658211430802983
6,170.4488209533496,378.7339937727471,0.9225,2,-73.07671405166997,29.783896708576236,46.895,124.0,3997493303.3825,364264991.00000054,13.161396924088942,0.5580499062767148
7,192.3664118170616,378.7339937727471,0.9,2,-69.68544305850871,29.783896708576236,55.465,124.0,5287800789.219998,364264991.00000054,12.989460627251018,0.5490338585619846
8,208.26411762759307,378.7339937727471,0.875,2,-77.9927042099763,29.783896708576236,58.15,124.0,6327038108.832501,352589830.9999992,13.030414428564175,0.5453995619814732
9,209.1316218501058,378.7339937727471,0.945,2,-71.95331321872065,29.783896708576236,60.24,124.0,5513540456.665003,352589830.9999992,13.026887965870824,0.5533828835994946
10,244.35521574040985,378.7339937727471,1.165,2,-55.72907656875395,25.9711046937539,77.4,124.0,4203332432.8375063,352589830.9999992,13.074368550342804,0.5268395029586794
11,278.2466073614617,378.7339937727471,1.3325,2,-49.49602481112188,25.9711046937539,90.9,124.0,5216638976.820008,352589830.9999992,13.38759786567486,0.4937938574625401
12,352.3951968829232,378.7339937727471,1.8575,2,-50.57038164686689,25.9711046937539,115.675,124.0,7473182786.470015,352589830.9999992,12.630997228177234,0.284527113893839
13,356.1687283742109,378.7339937727471,1.875,2,-53.17304765999899,25.9711046937539,116.105,124.0,7637012816.170014,352589830.9999992,12.258266635913383,0.26574402468571323
14,344.3066260266994,445.40204238099915,1.8175,3,-54.70598449254255,37.38496933560822,111.58,176.0,7286890116.585014,352589830.9999992,12.211166313877921,0.31605638875481945
15,321.61150950076853,445.40204238099915,1.7025,3,-55.55895176468906,37.38496933560822,103.6,176.0,6555314455.845013,352589830.9999992,12.650237716344751,0.3929973131458291
16,273.8246396865532,445.40204238099915,1.4525,3,-58.47779011232009,37.38496933560822,86.445,176.0,5119064620.287507,352589830.9999992,12.80613405553396,0.4911060520643186
17,188.47098751989898,445.40204238099915,1.0075,3,-63.74417235046911,37.38496933560822,55.775,176.0,2499751187.8825006,352589830.9999992,12.547668538733115,0.5379311474387867
18,179.42753571460446,445.40204238099915,0.94,3,-53.67137897910126,37.38496933560822,55.985,176.0,2093040439.45,352589830.9999992,12.677716744045915,0.5334925390170199
19,184.62724464070325,445.40204238099915,0.88,3,-64.2528700710993,37.38496933560822,54.335,176.0,2665032538.3950005,352589830.9999992,12.445198462605555,0.5224779082332655
20,175.26643785958606,445.40204238099915,0.7675,3,-35.52432862072257,37.38496933560822,60.61,176.0,2548096306.634999,352589830.9999992,13.310067095717017,0.5076676571459537
21,143.7870434123473,445.40204238099915,0.535,3,-45.2454472304911,37.38496933560822,46.79,176.0,2359550459.0849977,352589830.9999992,12.995171842884835,0.44276836664390684
22,50.102513391391994,445.40204238099915,0.16,3,-62.66928214716296,37.38496933560822,9.095,176.0,653855583.2349995,352589830.9999992,9.424505500115226,0.29466336238225915
23,50.63603430724393,445.40204238099915,0.1625,3,-63.260259734267095,37.38496933560822,9.08,176.0,662967515.0999995,352589830.9999992,9.489302473002828,0.297115900182456
24,51.930664543141845,445.40204238099915,0.1725,3,-63.31719605838398,37.38496933560822,9.5,176.0,678528475.9649994,352589830.9999992,9.626886222033717,0.30362032182798787
25,53.73218897541917,445.40204238099915,0.185,3,-63.286614751363146,37.38496933560822,10.12,176.0,689400757.0799994,352589830.9999992,9.83400965411673,0.3137531181849605
26,50.93078942640719,445.40204238099915,0.1675,3,-62.9063376098861,37.38496933560822,9.29,176.0,650870576.8749994,352589830.9999992,9.53709691246647,0.298948946682357
27,51.77945232514216,445.40204238099915,0.1725,3,-62.81577304740289,37.38496933560822,9.61,176.0,669315260.2149994,352589830.9999992,9.570096489306064,0.3006780799241692
28,52.50667880709022,445.40204238099915,0.1775,3,-62.77174891490241,37.38496933560822,9.87,176.0,671800740.9149994,352589830.9999992,9.659290765882716,0.3047830187852285
29,52.946921678992176,445.40204238099915,0.18,3,-62.495740684813335,37.38496933560822,10.11,176.0,669228961.2449994,352589830.9999992,9.694478899752848,0.30653827157995794
30,53.73484906003368,445.40204238099915,0.185,3,-62.77070862646039,37.38496933560822,10.285,176.0,672946417.9949994,352589830.9999992,9.820219363539604,0.3124570369645575
31,53.335554847783115,445.40204238099915,0.1825,3,-62.496246391992344,37.38496933560822,10.24,176.0,667964599.3349994,352589830.9999992,9.701147112408364,0.31038284751961975
32,52.60462785398788,445.40204238099915,0.18,3,-60.976794163169274,37.38496933560822,10.495,176.0,658037750.5649993,352589830.9999992,9.571951153152087,0.3042009217733454
33,53.38722517382783,445.40204238099915,0.185,3,-60.95876785691058,37.38496933560822,10.765,176.0,660441076.0349994,352589830.9999992,9.77980382911772,0.3100935501957983
34,52.56878746950488,445.40204238099915,0.18,3,-61.425336232116145,37.38496933560822,10.33,176.0,650676746.0149994,352589830.9999992,9.66706036858768,0.30610022246605156
35,53.042526864369265,445.40204238099915,0.185,3,-62.00932193022047,37.38496933560822,10.295,176.0,650144915.6849996,349723247.00000006,9.747880983538202,0.30970051340395394
36,57.221271009339816,445.40204238099915,0.2075,3,-61.42513105443617,37.38496933560822,11.905,176.0,692147220.9874996,349723247.00000006,10.253707363652154,0.32806693827078753
37,61.03671345999467,445.40204238099915,0.2325,3,-60.75147594410187,37.38496933560822,13.42,176.0,719562779.0224996,349723247.00000006,10.40539799055345,0.34212217655172167
38,65.80090719386659,445.40204238099915,0.2625,3,-59.23981663838859,37.38496933560822,15.53,176.0,745781312.5024996,349723247.00000006,10.92438913018823,0.36277385335275414
39,80.6060115150552,445.40204238099915,0.355,3,-57.33369730030547,37.38496933560822,21.175,176.0,874164701.5024998,280664830.9999998,11.598795094456309,0.4128574843974731
40,107.81124914075754,445.40204238099915,0.54,3,-55.16329579822528,37.38496933560822,31.08,176.0,1047189535.0725,280664830.9999998,12.054076294059433,0.4771890079528577
41,166.15514766583007,445.40204238099915,0.93,3,-49.55167234493619,37.38496933560822,52.66,176.0,1459358087.1800003,280664830.9999998,11.852586462395225,0.5130528922634132
42,190.2736475811193,445.40204238099915,1.115,3,-43.13311603417509,37.38496933560822,62.93,176.0,1691787166.7049994,280664830.9999998,10.751172820310408,0.48104092026288436
43,195.20051278897915,445.40204238099915,1.1375,3,-16.26072070262596,37.38496933560822,73.45,176.0,1673665177.2175,280664830.9999998,8.293128326707212,0.42929473598479523
44,216.99181104613385,445.40204238099915,1.2625,3,-36.7057306552929,37.38496933560822,74.175,176.0,2546947010.8125,280664830.9999998,10.897743540343393,0.48925746139968757
45,261.59506136473675,445.40204238099915,1.52,3,-75.24278895377621,37.38496933560822,76.745,176.0,4269772166.8975,280664830.9999998,13.176144571980265,0.49717891604701575
46,333.0598977682763,445.40204238099915,2.01,3,0.7738967559893252,37.38496933560822,125.955,176.0,4804796902.207506,280664830.9999998,13.197590479880196,0.47584188384714754
47,387.33061413320945,445.40204238099915,2.56,3,14.513404286640121,37.38496933560822,148.77,176.0,5521224456.820011,280664830.9999998,12.157301786829464,0.34686462533466766
48,388.6116732428637,445.40204238099915,2.57,3,15.628410928512643,37.38496933560822,149.57,176.0,5531925854.175011,280664830.9999998,12.014716866413806,0.3430258411527147
49,386.5568834730028,445.40204238099915,2.55,3,14.62586767073275,55.38495084403948,148.545,176.0,5503504040.010011,280664830.9999998,11.962270916868155,0.34864131428588124
50,388.17334926034493,445.40204238099915,2.56,3,14.291975017355199,55.38495084403948,148.985,176.0,5544829318.690011,280664830.9999998,11.82424820944862,0.34514978126804874
51,386.98807517861366,445.40204238099915,2.55,3,13.933931967187108,55.38495084403948,148.465,176.0,5520265783.490011,280664830.9999998,11.848176566331068,0.34843387074419735
52,387.1176531492999,445.40204238099915,2.5525,3,14.072889664732251,55.38495084403948,148.55,176.0,5505298503.885011,280664830.9999998,11.821169138273323,0.34588705144896725
53,388.7059264494616,445.40204238099915,2.5625,3,14.710456395628052,55.38495084403948,149.3,176.0,5535657924.320011,280664830.9999998,11.69390758560048,0.34285895917711673
54,388.9150032586967,445.40204238099915,2.565,3,14.717988540365432,55.38495084403948,149.375,176.0,5549344869.935011,280664830.9999998,11.645628981020772,0.3415995594965688
55,390.5028405383784,445.40204238099915,2.575,3,16.132530138674202,55.38495084403948,150.38,176.0,5573856509.440011,280664830.9999998,11.616669366186052,0.3385707855321167
56,396.9200115399843,445.40204238099915,2.62,3,17.042350980358318,55.38495084403948,152.86,176.0,5710086436.750012,280664830.9999998,11.211646332039278,0.320223920326107
57,395.58978768309606,445.40204238099915,2.61,3,16.790785619399752,55.38495084403948,152.325,176.0,5680487204.660012,280664830.9999998,11.256361637103419,0.32364798788876165
58,394.44519221558335,445.40204238099915,2.6,3,16.317734817005334,55.38495084403948,151.78,176.0,5653550971.830012,280664830.9999998,11.268504296064991,0.32563522202542217
59,392.92792831580914,445.40204238099915,2.59,3,15.561672966133429,55.38495084403948,151.015,176.0,5624534726.875012,280664830.9999998,11.286668669471734,0.3279701270142411
60,403.58774077637514,445.40204238099915,2.665,3,20.85058783485212,55.38495084403948,156.38,176.0,5835581192.650012,280664830.9999998,10.360361130158367,0.3020784044598222
61,403.9699972252063,445.40204238099915,2.6675,3,20.96158864829436,55.38495084403948,156.545,176.0,5836100188.300013,280664830.9999998,10.339500269610603,0.3013892495463229
62,407.7558425725147,445.40204238099915,2.6925,3,22.44424655511898,55.38495084403948,158.32,176.0,5909588329.440012,280664830.9999998,10.019313787256605,0.2906081292400405
63,406.26877998970434,445.40204238099915,2.6825,3,22.210145662085957,55.38495084403948,157.735,176.0,5870177055.595013,280664830.9999998,10.204847194908265,0.2943810952344855
64,404.9644798354553,445.40204238099915,2.6725,3,22.066583223793636,55.38495084403948,157.245,176.0,5840915556.215013,280664830.9999998,10.283261649432053,0.2984756845828181
65,404.0889476153313,445.40204238099915,2.665,3,21.77557612370435,136.38453039507982,156.855,176.0,5831565702.840013,280664830.9999998,10.473568432370309,0.30304939386781204
66,409.31184034542827,445.40204238099915,2.7075,3,24.266729490766558,136.38453039507982,159.445,176.0,5913446399.960012,280664830.9999998,9.956037949683928,0.2874131625745612
67,408.02020180980486,445.40204238099915,2.6975,3,24.14216211434155,136.38453039507982,158.965,176.0,5883627104.460012,280664830.9999998,10.148461784531795,0.29138351813028035
68,409.1909246490792,445.40204238099915,2.7075,3,23.927215442766496,136.38453039507982,159.29,176.0,5911756847.900012,280664830.9999998,10.06657151546628,0.2874302591396408
69,407.8326646136011,445.40204238099915,2.6975,3,23.44664977913275,136.38453039507982,158.67,176.0,5879615057.190012,280664830.9999998,10.040780809325831,0.2914100383859794
70,406.63799692108654,445.40204238099915,2.6875,3,22.837121223962196,136.38453039507982,158.065,176.0,5860498190.020012,280664830.9999998,10.139812965801985,0.29616058377140714
71,415.4321889797559,445.40204238099915,2.7525,3,24.351535999330007,136.38453039507982,161.55,176.0,6051427977.860012,280664830.9999998,8.859606884376733,0.2674567544897754
72,414.08198359577443,445.40204238099915,2.74,3,23.889983901073318,136.38453039507982,160.94,176.0,6024824188.770012,280664830.9999998,8.994111457664244,0.2724267195425079
73,411.3802843268288,445.40204238099915,2.7175,3,22.00843233020964,136.38453039507982,159.405,176.0,5990209119.680012,280664830.9999998,9.333721038986809,0.28218828850680716
74,408.7298518989829,445.40204238099915,2.695,3,20.74733150836198,136.38453039507982,158.09,176.0,5937539074.870012,280664830.9999998,9.756988122529089,0.2911680880782297
75,406.48931741193667,445.40204238099915,2.6775,3,19.644740120286055,136.38453039507982,156.965,176.0,5893888075.865012,280664830.9999998,9.996636635738454,0.2972681590915069
76,407.20357823320984,445.40204238099915,2.6825,3,20.214260891282805,136.38453039507982,157.395,176.0,5905590621.045012,280664830.9999998,9.927744662471111,0.2943192057234998
77,406.9860329903463,445.40204238099915,2.68,3,20.732214017459306,136.38453039507982,157.49,176.0,5886470196.757512,280664830.9999998,9.817886810264433,0.2937071872696183
78,407.8550146298408,445.40204238099915,2.685,3,21.214260704555358,136.38453039507982,157.945,176.0,5908398984.332512,280664830.9999998,9.789025948077766,0.29221195503218855
79,406.0792591800111,445.40204238099915,2.67,3,19.849236804609117,136.38453039507982,156.895,176.0,5887486269.460012,280664830.9999998,10.025105290315087,0.29901326007993456
80,406.0792591800111,445.40204238099915,2.67,3,19.849236804609117,136.38453039507982,156.895,176.0,5887486269.460012,280664830.9999998,10.025231299242652,0.29901332955112164
81,405.4886360252822,445.40204238099915,2.665,3,19.256234664506305,136.38453039507982,156.5,176.0,5883535155.315012,280664830.9999998,10.072160064033357,0.30123593887868855
82,404.8546711768945,445.40204238099915,2.66,3,18.647729642951433,136.38453039507982,156.085,176.0,5877007907.315012,280664830.9999998,10.118997637902508,0.3034642890040224
83,404.2207063285069,445.40204238099915,2.655,3,18.039224621396556,136.38453039507982,155.67,176.0,5870480659.315012,280664830.9999998,10.164671177804571,0.3056512571043708
84,401.8003494371229,445.40204238099915,2.6375,3,16.87464477775578,136.38453039507982,154.465,176.0,5832277288.315012,280664830.9999998,10.282021386667443,0.31186340680657887
85,399.1019072054307,445.40204238099915,2.6175,3,15.346552302495933,136.38453039507982,153.045,176.0,5782433517.015012,280664830.9999998,10.413720663180108,0.3191515754069362
86,397.9030152181977,445.40204238099915,2.6075,3,14.96000306582116,136.38453039507982,152.51,176.0,5760389535.885013,280664830.9999998,10.472018330340926,0.322570337137008
87,396.77904944190055,445.40204238099915,2.5975,3,14.110982660760646,136.38453039507982,151.85,176.0,5744058053.345013,280664830.9999998,10.540106910502274,0.3263673667650551
88,395.92488413432386,445.40204238099915,2.59,3,14.020442799413544,136.38453039507982,151.53,176.0,5726044519.690011,280664830.9999998,10.470818097244408,0.32764493659879124
89,395.41700708665417,445.40204238099915,2.585,3,13.751435994732997,136.38453039507982,151.27,176.0,5718421323.210011,280664830.9999998,10.504080418917265,0.329492666143263
90,393.8143129348474,445.40204238099915,2.57,3,13.406882106487082,136.38453039507982,150.615,176.0,5691202337.935011,280664830.9999998,10.40482907511099,0.33292500174070416
91,392.69358960899723,445.40204238099915,2.56,3,12.567372755507463,136.38453039507982,149.96,176.0,5678956386.267511,280664830.9999998,10.468820052731775,0.33648282736671814
92,392.7428313574952,445.40204238099915,2.56,3,13.187844573781485,136.38453039507982,150.18,176.0,5667265947.145011,280664830.9999998,10.46149224151399,0.3362605054875524
93,392.7428313574952,445.40204238099915,2.56,3,13.187844573781485,136.38453039507982,150.18,176.0,5667265947.145011,280664830.9999998,10.460916350687084,0.3362604503868916
94,392.10957799397255,445.40204238099915,2.555,3,12.700334853199164,136.38453039507982,149.805,176.0,5657872923.645011,280664830.9999998,10.490225010404286,0.33800106955801085
95,391.51699244193713,445.40204238099915,2.55,3,12.581809257803734,136.38453039507982,149.565,176.0,5644214232.245011,280664830.9999998,10.522223196389346,0.3398097252837109
96,391.51699244193713,445.40204238099915,2.55,3,12.581809257803734,136.38453039507982,149.565,176.0,5644214232.245011,280664830.9999998,10.52315134673696,0.3398101914835171
97,390.98613653458614,445.40204238099915,2.545,3,12.274803802091391,136.38453039507982,149.285,176.0,5635780261.245011,280664830.9999998,10.561058395477842,0.3418522082112004
98,390.38370979840033,445.40204238099915,2.54,3,12.197774363238906,136.38453039507982,149.055,176.0,5621338741.295011,280664830.9999998,10.660003065461279,0.3433371153327812
99,389.7443659415457,445.40204238099915,2.535,3,11.993741703710565,136.38453039507982,148.77,176.0,5606509730.395011,280664830.9999998,10.683346229769151,0.3448641268505892
100,389.7443659415457,445.40204238099915,2.535,3,11.993741703710565,136.38453039507982,148.77,176.0,5606509730.395011,280664830.9999998,10.683332357458342,0.3448634637974104
101,389.1754334242191,445.40204238099915,2.53,3,11.438740025599833,136.38453039507982,148.395,176.0,5603354305.515011,280664830.9999998,10.711519994038909,0.3465849246868729
102,389.75821921433277,445.40204238099915,2.535,3,11.719760371209896,136.38453039507982,148.685,176.0,5615029876.615011,280664830.9999998,10.675800397570454,0.3446398176287389
103,389.15132886573963,445.40204238099915,2.53,3,11.57272953472172,136.38453039507982,148.43,176.0,5600385896.715011,280664830.9999998,10.699539745854828,0.34616731975699894
104,387.8836746150986,445.40204238099915,2.5175,3,11.24416289932488,136.38453039507982,147.89,176.0,5569210979.057511,280664830.9999998,10.678156794280147,0.3493847032587441
105,389.2617741574827,445.40204238099915,2.5275,3,12.288197050429153,136.38453039507982,148.7,176.0,5592964192.707511,280664830.9999998,10.630897645305087,0.34627231979676815
106,389.78685711851807,445.40204238099915,2.5325,3,12.646200183192637,136.38453039507982,148.995,176.0,5598191702.945011,280664830.9999998,10.604145040511245,0.34459213486552503
107,389.17346148670686,445.40204238099915,2.5275,3,12.550170695966003,136.38453039507982,148.755,176.0,5583737828.695011,280664830.9999998,10.62349921417252,0.3459927973194789
108,362.18492336640907,487.47920579622513,2.3125,3,0.33226849840639716,136.38453039507982,135.575,214.0,5111878824.450009,280664830.9999998,11.34068373152015,0.3998487402309408
109,300.5068956604627,487.47920579622513,1.8125,3,-25.29085008576383,136.38453039507982,106.21,214.0,3992441189.830006,280664830.9999998,11.77540747886121,0.47314675866999195
110,196.9339359539208,487.47920579622513,0.9725,3,-75.74860216096968,136.38453039507982,54.455,214.0,2194640054.1775,280664830.9999998,10.57262479958543,0.4553200345458029
111,191.5427030532433,487.47920579622513,0.9025,3,-71.90792021812481,136.38453039507982,53.895,214.0,2066500336.3524988,280664830.9999998,10.936097201000788,0.46132170597136263
112,172.24870661339185,487.47920579622513,0.7525,3,-90.68482174255288,136.38422800896188,41.135,214.0,1894088031.7549987,280664830.9999998,11.517252035615224,0.48136392014748525
113,148.55143802753133,487.47920579622513,0.595,3,-86.6311958815095,136.38422800896188,34.435,214.0,1847337101.5599976,280664830.9999998,11.929417022212888,0.4753448819544183
114,150.97888489010722,487.47920579622513,0.685,3,-67.16872417165484,136.38422800896188,41.765,214.0,2160548209.7374988,280664830.9999998,12.425534790624601,0.47491610755394453
115,67.48638334590851,487.47920579622513,0.2025,3,-73.25233728417105,136.38422800896188,11.27,214.0,673613537.0199997,218084159.00000015,8.771897241386784,0.2965223783586313
116,73.79457494233152,487.47920579622513,0.24,3,-71.84800023909729,136.38422800896188,13.88,214.0,764728761.0699998,218084159.00000015,8.976517125630476,0.31615367584337145
117,79.17589159244848,487.47920579622513,0.2725,3,-70.72772430224012,136.38422800896188,16.08,214.0,843880930.4049999,218084159.00000015,9.14415202343289,0.3304749174049007
118,86.98110596281062,487.47920579622513,0.32,3,-68.8153851462409,136.38422800896188,19.36,214.0,947380973.2574998,218084159.00000015,9.233621841345496,0.34780316903998026
119,116.28046628746894,487.47920579622513,0.5025,3,-66.17892293805023,136.38422800896188,30.185,214.0,1320847686.9074998,218084159.00000015,10.186901750053822,0.40834794507785205
120,181.11988176425308,487.47920579622513,0.89,3,-59.141137295606896,136.38422800896188,54.54,214.0,2172700891.0024996,218084159.00000015,11.11527899369942,0.4805396785320414
121,241.02128907353315,487.47920579622513,1.2625,3,-37.01063583318904,136.38422800896188,82.185,214.0,2911143139.9849987,218084159.00000015,11.911945679089849,0.5046417483775529
122,296.72452057331793,487.47920579622513,1.68,3,18.294820093101233,136.38422800896188,119.345,214.0,3637699606.0300035,213273478.99999985,12.565651944636,0.498382705040472
123,410.73595052480107,487.47920579622513,2.46,3,67.00809451713627,136.38422800896188,173.995,214.0,4833220857.522506,213273478.99999985,12.604448742072645,0.38324595167965186
124,417.12965921692216,487.47920579622513,2.505,3,64.98957408823225,136.38422800896188,175.455,214.0,4866554411.132506,213273478.99999985,12.47943553945683,0.3543524394751259
125,418.15455627108685,487.47920579622513,2.5125,3,65.55611106548942,136.38422800896188,175.99,214.0,4879918673.915006,213273478.99999985,12.480442475334488,0.3529273776108595
126,418.8770085511633,487.47920579622513,2.5175,3,65.84214484184037,136.38422800896188,176.33,214.0,4892801382.547506,213273478.99999985,12.477283755376536,0.35149937255508473
127,417.1628950619831,500.58856196913337,2.505,3,65.04657302491243,136.38422800896188,175.485,226.0,4867112140.437506,213273478.99999985,12.376713713810618,0.3543550953583566
128,416.6470646855772,500.58856196913337,2.5,3,64.70757447262343,136.38422800896188,175.2,226.0,4866759125.905006,213273478.99999985,12.174391604069863,0.3557693976709236
129,382.61851292789333,500.58856196913337,2.27,3,43.69512070506772,136.38422800896188,156.74,226.0,4438874551.632505,213273478.99999985,12.2216814517044,0.4129473726399486
130,313.5327605104721,500.58856196913337,1.785,3,-0.8737214012088907,136.38422800896188,118.635,226.0,3602407190.020004,213273478.99999985,12.091802955176439,0.4808766271161903
131,204.72530550055032,500.58856196913337,1.0125,3,-72.53044738245029,136.38422800896188,58.15,226.0,2338682136.0325,213273478.99999985,10.977128063671598,0.4750435670401239
132,191.69327963681616,500.58856196913337,0.9175,3,-80.08535586329077,132.3845959070751,51.19,226.0,2100681531.3375003,213273478.99999985,11.280401066130718,0.48801023974465696
133,191.7800824250783,500.58856196913337,0.965,3,-62.64640063662289,132.3845959070751,56.97,226.0,2094264046.2150018,213273478.99999985,11.426558664286862,0.4967905938722612
134,229.20971318920664,500.58856196913337,1.205,3,-49.482957540216205,132.3845959070751,74.14,226.0,3024477627.135003,213273478.99999985,12.237306982427274,0.5167785049259525
135,240.90772848176906,500.58856196913337,1.2225,3,-15.097309048888938,132.3845959070751,89.455,226.0,3109592328.7300024,213273478.99999985,11.986893656096527,0.5112907031440056
136,216.8073627081716,500.58856196913337,1.2075,3,3.6298116425106217,132.3845959070751,87.27,226.0,2518804157.3700047,213273478.99999985,9.008850510497162,0.4432796278413695
137,57.99358813314514,500.58856196913337,0.225,3,-57.76292877599463,132.3845959070751,13.135,226.0,620575469.0199997,213273478.99999985,4.625764331100075,0.30652655938043805
138,57.99358813314514,500.58856196913337,0.225,3,-57.76292877599463,132.3845959070751,13.135,226.0,620575469.0199997,213273478.99999985,4.625797628665543,0.3065269295288463
139,58.4119805223392,500.58856196913337,0.2275,3,-58.05988931482478,132.3845959070751,13.18,226.0,630469361.3424997,213273478.99999985,4.675011548987562,0.3082741084635396
140,59.479658401120595,500.58856196913337,0.2325,3,-58.44581975655515,132.3845959070751,13.415,226.0,641965887.1449997,213273478.99999985,4.810964244527087,0.3125489366085336
141,59.65656632869777,500.58856196913337,0.2325,3,-58.62580898031863,132.3845959070751,13.415,226.0,642420152.8449998,213273478.99999985,4.853719185052894,0.3138461201311282
142,60.03916352757264,500.58856196913337,0.2375,3,-58.25378345627747,132.3845959070751,13.67,226.0,652077173.1099998,213273478.99999985,4.819792530281373,0.31295065893893315
143,60.08363291922385,500.58856196913337,0.2375,3,-58.298781284760956,132.3845959070751,13.67,226.0,652136609.4099997,213273478.99999985,4.820936254869597,0.3129520859365919
144,60.04446103086103,500.58856196913337,0.2375,3,-58.13279749849924,132.3845959070751,13.71,226.0,648357591.7899997,213273478.99999985,4.823452702436844,0.3129686461849464
145,60.22212802047381,500.58856196913337,0.2375,3,-58.31278935913561,132.3845959070751,13.71,226.0,648673222.2099998,213273478.99999985,4.866258594207749,0.31427908888398
146,59.46017501426313,500.58856196913337,0.2325,3,-57.29287989057966,132.3845959070751,13.785,226.0,630909542.3799998,213273478.99999985,4.770130510851558,0.3110405817847332
147,60.40978110445538,500.58856196913337,0.2375,3,-57.222340764773655,132.3845959070751,14.13,226.0,635409720.3699998,213273478.99999985,4.856289000314499,0.3135623581895283
148,60.88388092567723,500.58856196913337,0.24,3,-57.66630712407186,132.3845959070751,14.145,226.0,642197996.9199997,213273478.99999985,4.909109959497741,0.31552536721791646
149,60.355710522162134,500.58856196913337,0.24,3,-57.126347481930715,132.3845959070751,14.145,226.0,640223971.2999997,213273478.99999985,4.779939815424737,0.3114180073793083
150,60.848062383970955,500.58856196913337,0.2425,3,-57.17882085771985,132.3845959070751,14.295,226.0,643727431.1199998,213273478.99999985,4.82671090352666,0.3128491897933197
151,60.35640360974425,500.58856196913337,0.24,3,-57.12634950497648,132.3845959070751,14.145,226.0,639702894.0999998,213273478.99999985,4.779744862640406,0.3114051986732322
152,60.84944855913519,500.58856196913337,0.2425,3,-57.17882490381137,132.3845959070751,14.295,226.0,642685276.7199998,213273478.99999985,4.826563344872394,0.3128237553951938
153,62.02988762150271,500.58856196913337,0.2475,3,-57.323783286663364,132.3845959070751,14.645,226.0,645389499.8499998,213273478.99999985,4.949939599093972,0.3161803262608747
154,59.35054592397926,500.58856196913337,0.2325,3,-57.66439397186898,132.3845959070751,13.625,226.0,635951618.3049998,213273478.99999985,4.6815569809511155,0.3081159747917825
155,59.35054592397926,500.58856196913337,0.2325,3,-57.66439397186898,132.3845959070751,13.625,226.0,635951618.3049998,213273478.99999985,4.6812621356672235,0.3081136365899514
156,59.34461625938764,500.58856196913337,0.2325,3,-57.61339388896178,132.3845959070751,13.64,226.0,635930224.8549998,213273478.99999985,4.6824367096627215,0.3081828710876787
157,59.34461625938764,500.58856196913337,0.2325,3,-57.61339388896178,132.3845959070751,13.64,226.0,635930224.8549998,213273478.99999985,4.682800551222393,0.3081849267300898
158,59.34461625938764,500.58856196913337,0.2325,3,-57.61339388896178,132.3845959070751,13.64,226.0,635930224.8549998,213273478.99999985,4.682718349013137,0.3081890226280635
159,59.439010218754376,500.58856196913337,0.2325,3,-57.15892387852415,132.3845959070751,13.82,226.0,628525800.2049998,213273478.99999985,4.672034119278686,0.30737265904659483
160,60.32117793721903,500.58856196913337,0.2375,3,-57.79785321119569,132.3845959070751,13.91,226.0,643051455.6849998,213273478.99999985,4.762795913233302,0.3103295280686391
161,61.34069602371844,500.58856196913337,0.2425,3,-57.906302581594325,132.3845959070751,14.22,226.0,649340782.4349998,213273478.99999985,4.851342044350656,0.3129659876555755
162,62.24691996051102,500.58856196913337,0.2475,3,-58.01373857135153,132.3845959070751,14.495,226.0,662963885.305,213273478.99999985,4.947167026702271,0.3165071623414056
163,62.73349067355067,500.58856196913337,0.25,3,-57.76370415689735,132.3845959070751,14.745,226.0,670199264.8749998,213273478.99999985,5.000707973190971,0.3187837188327753
164,63.19155101700357,500.58856196913337,0.2525,3,-57.570673998674714,132.3845959070751,14.965,226.0,672833795.8449998,213273478.99999985,5.041426061740872,0.31984591798355627
165,62.68618708100143,500.58856196913337,0.25,3,-57.24422051015861,132.3845959070751,14.9,226.0,660050342.3799999,213273478.99999985,4.992930684767202,0.31818676266824125
166,63.69136491640701,500.58856196913337,0.255,3,-57.06916227025795,132.3845959070751,15.3,226.0,666825599.8,213273478.99999985,5.080094289234524,0.3207349595349137
167,64.50767608134055,500.58856196913337,0.2575,3,-57.71060337134912,132.3845959070751,15.365,226.0,680207857.7349999,213273478.99999985,5.16865687717023,0.32349712445116857
168,64.95446354616953,500.58856196913337,0.26,3,-57.72758869385953,132.3845959070751,15.51,226.0,681182520.2349999,213273478.99999985,5.207122115747639,0.32448736806497874
169,65.26538410837107,500.58856196913337,0.26,3,-58.042576270878925,132.3845959070751,15.51,226.0,681851969.9949998,213273478.99999985,5.246816006394744,0.32559677571706075
170,65.26538410837107,500.58856196913337,0.26,3,-58.042576270878925,132.3845959070751,15.51,226.0,681851969.9949998,213273478.99999985,5.246641610980113,0.3255970669582156
171,64.99945169638903,500.58856196913337,0.26,3,-57.772588018852176,132.3845959070751,15.51,226.0,681203655.4749998,213273478.99999985,5.206815089302169,0.3244862171228059
172,64.99945169638903,500.58856196913337,0.26,3,-57.772588018852176,132.3845959070751,15.51,226.0,681203655.4749998,213273478.99999985,5.206373224225865,0.32445987030719237
173,65.76064654742953,500.58856196913337,0.265,3,-57.84355134312562,132.3845959070751,15.745,226.0,685677545.2224998,213273478.99999985,5.288773264854631,0.3266535936883889
174,65.76064654742953,500.58856196913337,0.265,3,-57.84355134312562,132.3845959070751,15.745,226.0,685677545.2224998,213273478.99999985,5.288629310069204,0.3266525868474567
175,66.52184139847003,500.58856196913337,0.27,3,-57.914514667399054,132.3845959070751,15.98,226.0,690151434.9699997,213273478.99999985,5.369861146997806,0.3287932521474638
176,66.49528024298127,500.58856196913337,0.27,3,-57.84102075042609,132.3845959070751,15.995,226.0,689452445.4549998,213273478.99999985,5.369586695474468,0.328785514116234
177,66.49528024298127,500.58856196913337,0.27,3,-57.84102075042609,132.3845959070751,15.995,226.0,689452445.4549998,213273478.99999985,5.369640606518042,0.3287845345754939
178,66.49528024298127,500.58856196913337,0.27,3,-57.84102075042609,132.3845959070751,15.995,226.0,689452445.4549998,213273478.99999985,5.36973912633135,0.32878460210684624
179,66.49528024298127,500.58856196913337,0.27,3,-57.84102075042609,132.3845959070751,15.995,226.0,689452445.4549998,213273478.99999985,5.369686819097196,0.3287837552138917
180,66.8682729481451,500.58856196913337,0.27,3,-58.22349628479975,132.3845959070751,15.995,226.0,692471850.5674999,213273478.99999985,5.409729855938286,0.3298150531093119
181,66.35364911992195,500.58856196913337,0.2675,3,-58.14852367508375,132.3845959070751,15.845,226.0,688783032.2824997,213273478.99999985,5.36445598493179,0.3284521181783372
182,66.86851316294218,500.58856196913337,0.27,3,-58.22349756123335,132.3845959070751,15.995,226.0,692277080.8775,213273478.99999985,5.406661402274134,0.32963652738291305
183,66.86851316294218,500.58856196913337,0.27,3,-58.22349756123335,132.3845959070751,15.995,226.0,692277080.8775,213273478.99999985,5.406594692977014,0.3296364955204528
184,68.02073228655905,500.58856196913337,0.2725,3,-58.778947240243454,132.3845959070751,16.2,226.0,696926757.57,213273478.99999985,5.523068644518313,0.3326272315035674
185,68.02073228655905,500.58856196913337,0.2725,3,-58.778947240243454,132.3845959070751,16.2,226.0,696926757.57,213273478.99999985,5.522929510382436,0.33262723150356677
186,68.02073228655905,500.58856196913337,0.2725,3,-58.778947240243454,132.3845959070751,16.2,226.0,696926757.57,213273478.99999985,5.522999893681819,0.33262731058396067
187,67.6309282398809,500.58856196913337,0.27,3,-58.969460066602,132.3845959070751,16.005,226.0,696099599.28,213273478.99999985,5.485779948444005,0.3317518155507181
188,67.6309282398809,500.58856196913337,0.27,3,-58.969460066602,132.3845959070751,16.005,226.0,696099599.28,213273478.99999985,5.485780233387164,0.3317518809684512
189,68.06573228655905,500.58856196913337,0.2725,3,-58.82394724024344,132.3845959070751,16.2,226.0,696926757.57,213273478.99999985,5.523327419325855,0.33265989391090767
190,68.06573228655905,500.58856196913337,0.2725,3,-58.82394724024344,132.3845959070751,16.2,226.0,696926757.57,213273478.99999985,5.523327419325855,0.33265989391090767
191,68.21778636527957,500.58856196913337,0.2725,3,-58.61844719919931,132.3845959070751,16.32,226.0,699149081.7299999,213273478.99999985,5.5645200571611175,0.3337924724783332
192,68.3519976806036,500.58856196913337,0.2725,3,-58.75344519780834,132.3845959070751,16.32,226.0,699239930.67,213273478.99999985,5.603260303061485,0.3347510846287196
193,65.25958726266651,500.58856196913337,0.26,3,-56.75917185519955,132.3845959070751,15.925,226.0,660753635.0799998,213273478.99999985,5.283567571459234,0.32427931618355044
194,65.59267586612556,500.58856196913337,0.26,3,-57.09665765039244,132.3845959070751,15.925,226.0,661505182.0299997,213273478.99999985,5.322462471374768,0.3253453757385017
195,64.90554281434456,500.58856196913337,0.255,3,-57.265192406998,132.3845959070751,15.635,226.0,656383029.1799998,213273478.99999985,5.273748711339898,0.3238793074864969
196,65.9532599444335,500.58856196913337,0.26,3,-57.4471427238725,132.3845959070751,15.93,226.0,662646196.9049999,213273478.99999985,5.362083372998195,0.3263562447281837
197,65.9532599444335,500.58856196913337,0.26,3,-57.4471427238725,132.3845959070751,15.93,226.0,662646196.9049999,213273478.99999985,5.363421525204746,0.32635898372324884
198,66.46710703405323,500.58856196913337,0.2625,3,-57.40111766718744,132.3845959070751,16.12,226.0,666154778.2049998,213273478.99999985,5.405295057209314,0.3274915277288525
199,66.94026505924462,500.58856196913337,0.265,3,-57.24960252571984,132.3845959070751,16.33,226.0,667168841.7899998,213273478.99999985,5.44341007844848,0.3284246276491219
200,66.94026505924462,500.58856196913337,0.265,3,-57.24960252571984,132.3845959070751,16.33,226.0,667168841.7899998,213273478.99999985,5.443216782571405,0.32842317843752256
201,66.68231707745763,500.58856196913337,0.2625,3,-57.2121148037214,132.3845959070751,16.255,226.0,666381499.4999999,213273478.99999985,5.407259743659141,0.3275486057181388
202,66.68231707745763,500.58856196913337,0.2625,3,-57.2121148037214,132.3845959070751,16.255,226.0,666381499.4999999,213273478.99999985,5.407275683602126,0.32753793017535715
203,66.68231707745763,500.58856196913337,0.2625,3,-57.2121148037214,132.3845959070751,16.255,226.0,666381499.4999999,213273478.99999985,5.40711602536576,0.3275267255789425
204,66.68231707745763,500.58856196913337,0.2625,3,-57.2121148037214,132.3845959070751,16.255,226.0,666381499.4999999,213273478.99999985,5.407047946486842,0.32752672570065366
205,67.0892997753375,500.58856196913337,0.265,3,-57.05360249640769,132.3845959070751,16.445,226.0,667161046.7999997,213273478.99999985,5.445366404385988,0.32844818023980726
206,67.39956569729961,500.58856196913337,0.2675,3,-57.11707367506403,132.3845959070751,16.53,226.0,672256722.2099998,213273478.99999985,5.483907747637006,0.3295474859129139
207,67.39956569729961,500.58856196913337,0.2675,3,-57.11707367506403,132.3845959070751,16.53,226.0,672256722.2099998,213273478.99999985,5.48390775494659,0.3295474770956821
208,67.5562016338357,500.58856196913337,0.2675,3,-57.274571484271945,132.3845959070751,16.53,226.0,672357026.1899998,213273478.99999985,5.521448260469305,0.3305314584525919
209,68.75091847160725,500.58856196913337,0.2725,3,-57.56300250600559,132.3845959070751,16.84,226.0,682812480.9899998,213273478.99999985,5.646293584312172,0.3340808725501389
210,68.86273209295994,500.58856196913337,0.2725,3,-57.67550076628511,132.3845959070751,16.84,226.0,682890723.2099998,213273478.99999985,5.684085669284433,0.33500479924929427
211,68.63159355446173,500.58856196913337,0.2725,3,-57.883490579677435,132.3845959070751,16.695,226.0,688827414.6299996,213273478.99999985,5.652437891028257,0.3342866268123215
212,68.82961193664345,500.58856196913337,0.2725,3,-57.913995684461355,132.3845959070751,16.75,226.0,687003346.7399998,213273478.99999985,5.685461743855194,0.33497311425326154
213,69.43483459314022,500.58856196913337,0.275,3,-58.07896992017006,132.3845959070751,16.9,226.0,689817453.2099997,213273478.99999985,5.759532821636015,0.3368884670646818
214,69.43483459314022,500.58856196913337,0.275,3,-58.07896992017006,132.3845959070751,16.9,226.0,689817453.2099997,213273478.99999985,5.759573485196137,0.3368905878117424
215,67.53584012167273,500.58856196913337,0.265,3,-57.45259601857434,132.3845959070751,16.46,226.0,665787265.3949997,213273478.99999985,5.574682414876848,0.3315568282415562
216,66.53502770628053,500.58856196913337,0.2625,3,-56.96218499811454,132.3845959070751,16.28,226.0,645774283.1199999,213273478.99999985,5.4824447129192855,0.3284245253854795
217,62.89403271085831,500.58856196913337,0.2425,3,-56.31286835735118,132.3845959070751,15.26,226.0,625653454.6974999,213273478.99999985,5.1628961356191345,0.32011874806493645
218,64.01314296517099,500.58856196913337,0.2525,3,-55.43528765733858,132.3845959070751,15.935,226.0,645887709.8824999,213273478.99999985,5.220797883773566,0.3223417703617488
219,64.58490802870043,500.58856196913337,0.255,3,-56.322738962274954,132.3845959070751,15.835,226.0,657489694.6099999,213273478.99999985,5.263550254148125,0.32386958945213723
220,85.21439216758128,500.58856196913337,0.365,3,-58.599095928836256,132.3845959070751,22.085,226.0,874715566.4825,201707519.00000012,7.043413649854033,0.3739038446815332
221,135.93619305931017,500.58856196913337,0.6425,3,-61.1690354976792,132.3845959070751,38.435,226.0,1317545092.4899998,201707519.00000012,9.597873476656037,0.4378673274369271
222,210.05963969354903,500.58856196913337,1.05,3,-64.73350913636312,132.3845959070751,62.42,226.0,2118815914.835,201707519.00000012,10.05434166761083,0.43837256812240644
223,210.49198507029797,500.58856196913337,1.025,3,-77.0092299780283,132.3845959070751,58.505,226.0,2273727389.7324996,201707519.00000012,10.455019984378637,0.4510306294119337
224,236.09866936402076,500.58856196913337,1.1675,3,-45.715830443830235,132.3845959070751,77.58,226.0,2614757672.295,201707519.00000012,11.147794404586561,0.4774874768712951
225,304.2619357179745,500.58856196913337,1.615,3,4.651019444731149,132.3845959070751,117.445,226.0,3709100358.8825,201707519.00000012,12.037463996776006,0.5007675396412007
226,384.09859722201395,500.58856196913337,2.175,3,77.16961861781203,132.3845959070751,168.425,226.0,4402487117.885002,201707519.00000012,10.600366919000761,0.4536741027169147
227,433.45639425817956,500.58856196913337,2.5525,3,88.33332964002854,132.3845959070751,188.665,226.0,4908579978.91251,201707519.00000012,5.892734430218086,0.32766011828767466
228,447.11122103328535,500.58856196913337,2.62,3,96.87937637222905,132.3845959070751,196.135,226.0,5199642119.995013,201707519.00000012,10.3192768146259,0.30982962849835105
229,446.3732904206273,500.58856196913337,2.6125,3,96.76537246031995,132.3845959070751,195.85,226.0,5192298180.267513,201707519.00000012,10.997251443518309,0.3161706434920178
230,445.46736819705546,500.58856196913337,2.605,3,96.1658492150285,132.3845959070751,195.345,226.0,5184862519.665013,201707519.00000012,11.025185226962146,0.31811701735538367
231,445.4290943578336,500.58856196913337,2.605,3,95.97835199838795,132.3845959070751,195.27,226.0,5185127356.860013,201707519.00000012,11.023942436791037,0.31803793084810433
232,443.97037963285067,500.58856196913337,2.595,3,94.72180266897237,132.3845959070751,194.36,226.0,5164343554.160013,201707519.00000012,11.071305719774646,0.3216468094621942
233,443.97037963285067,500.58856196913337,2.595,3,94.72180266897237,132.3845959070751,194.36,226.0,5164343554.160013,201707519.00000012,11.07162874035844,0.32164671575810627
234,441.81074813574577,500.58856196913337,2.58,3,93.20771430648988,132.3845959070751,193.125,226.0,5125103108.622514,201707519.00000012,11.121667665793137,0.326104251322387
235,441.06383641314585,500.58856196913337,2.575,3,92.87417515881035,132.3845959070751,192.76,226.0,5110943121.120013,201707519.00000012,11.136359000085548,0.3275218034932569
236,441.06383641314585,500.58856196913337,2.575,3,92.87417515881035,132.3845959070751,192.76,226.0,5110943121.120013,201707519.00000012,11.136359694641476,0.3275218488996035
237,439.53011404454986,500.58856196913337,2.565,3,91.48462215584314,132.3845959070751,191.78,226.0,5089652630.870013,201707519.00000012,11.1784798375092,0.330900027482331
238,438.7972811824194,500.58856196913337,2.56,3,90.70511626446589,132.3845959070751,191.275,226.0,5083471792.042513,201707519.00000012,11.296296983370741,0.3327995626883869
239,438.82488596107754,500.58856196913337,2.56,3,90.75261581300363,132.3845959070751,191.3,226.0,5083218665.795012,201707519.00000012,11.39203183469845,0.33279892404066275
240,439.1261072776911,500.58856196913337,2.5625,3,90.61915287598939,132.3845959070751,191.36,226.0,5091254227.715013,201707519.00000012,11.403151884054965,0.33327253984637406
241,438.36176322621503,500.58856196913337,2.56,3,89.64260421496209,132.3845959070751,190.775,226.0,5077359434.9425125,201707519.00000012,11.375750920211335,0.3306498906785954
242,437.67302341267265,500.58856196913337,2.555,3,89.17157644170805,132.3845959070751,190.385,226.0,5064318200.675013,201707519.00000012,11.386506460702268,0.33202758627973133
243,437.7565061559972,500.58856196913337,2.5575,3,89.31407324120008,132.3845959070751,190.46,226.0,5064147162.865013,201707519.00000012,11.382263573159657,0.3315820736230932
244,437.5028340778032,500.58856196913337,2.555,3,89.1795707732244,132.3845959070751,190.33,226.0,5059212745.280013,201707519.00000012,11.309102607132639,0.333575427713674
245,437.5028340778032,500.58856196913337,2.555,3,89.1795707732244,132.3845959070751,190.33,226.0,5059212745.280013,201707519.00000012,11.308470747751853,0.3335754262621997
246,436.7314657697979,500.58856196913337,2.55,3,88.4450415227283,132.3845959070751,189.825,226.0,5048942524.222513,201707519.00000012,11.330725558393253,0.3353945516669826
247,437.01739112444085,500.58856196913337,2.5525,3,88.80854091743662,132.3845959070751,190.04,226.0,5056655189.710012,201707519.00000012,11.303104267912232,0.33325244570976414
248,437.06226564907587,500.58856196913337,2.5525,3,89.23802434580381,132.3845959070751,190.195,226.0,5050113978.670012,201707519.00000012,11.288518269777251,0.33258309460488483
249,437.06226564907587,500.58856196913337,2.5525,3,89.23802434580381,132.3845959070751,190.195,226.0,5050113978.670012,201707519.00000012,11.288249667784966,0.33258406748119157
250,437.175801800631,500.58856196913337,2.5525,3,89.1350329822769,132.3845959070751,190.2,226.0,5052111933.580013,201707519.00000012,11.279655699372816,0.3320087452001127
251,435.032833878839,500.58856196913337,2.5375,3,87.70043158373188,132.3845959070751,188.995,226.0,5011160496.535013,201707519.00000012,11.311731074544056,0.33601092795892945
252,432.8917941401159,500.58856196913337,2.5225,3,86.52684104844748,132.3845959070751,187.88,226.0,4973302752.730013,201707519.00000012,11.422742073150275,0.33977247280852496
253,430.51762702145163,500.58856196913337,2.505,3,85.06574076931375,132.3845959070751,186.59,226.0,4933457530.127512,201707519.00000012,11.444630108294817,0.3435356804288265
254,431.259028754155,500.58856196913337,2.51,3,85.56175653869626,132.3845959070751,187.005,226.0,4940771024.100013,201707519.00000012,11.425820311289602,0.3418230944627809
255,431.259028754155,500.58856196913337,2.51,3,85.56175653869626,132.3845959070751,187.005,226.0,4940771024.100013,201707519.00000012,11.425796440721928,0.3418219445102524
256,430.4670456530902,500.58856196913337,2.505,3,84.7382383022506,132.3845959070751,186.465,226.0,4931885466.632512,201707519.00000012,11.4458799798141,0.34359149776100134
257,430.47207990915035,500.58856196913337,2.505,3,84.74773905040799,132.3845959070751,186.47,226.0,4933219961.385013,201707519.00000012,11.532270529747105,0.3435927207325081
258,439.59997556934235,500.58856196913337,2.57,3,90.43962002170349,132.3845959070751,191.455,226.0,5061229007.272512,201707519.00000012,11.459524452681178,0.3318555443904736
259,439.59997556934235,500.58856196913337,2.57,3,90.43962002170349,132.3845959070751,191.455,226.0,5061229007.272512,201707519.00000012,11.459521878833016,0.33185543023537983
260,439.59997556934235,500.58856196913337,2.57,3,90.43962002170349,132.3845959070751,191.455,226.0,5061229007.272512,201707519.00000012,11.459862811830657,0.3318560692093118
261,438.8202716680849,500.58856196913337,2.565,3,89.92808311799959,132.3845959070751,191.02,226.0,5047208673.445013,201707519.00000012,11.46823514216889,0.33317654668357893
262,438.82137579121695,500.58856196913337,2.565,3,89.92808016577395,132.3845959070751,191.02,226.0,5046732530.455013,201707519.00000012,11.46874013232587,0.33320526079743684
263,437.3854141967185,500.58856196913337,2.555,3,88.53756484328198,132.3845959070751,190.075,226.0,5029151680.512513,201707519.00000012,11.406921179767064,0.3363408735312126
264,436.7016826294396,500.58856196913337,2.55,3,88.13653419269002,132.3845959070751,189.71,226.0,5016108369.885013,201707519.00000012,11.414917755445666,0.33764119288556327
265,435.22335765564503,500.58856196913337,2.54,3,86.84198816040582,132.3845959070751,188.78,226.0,4994629481.540012,201707519.00000012,11.432986781480363,0.3402319652515458
266,446.19017134112,500.58856196913337,2.62,3,94.57643001934683,132.3845959070751,195.065,226.0,5186201359.212513,201707519.00000012,11.222326317176117,0.31708213535370344
267,444.66743337007887,500.58856196913337,2.61,3,93.26638455567983,132.3845959070751,194.115,226.0,5164705586.417514,201707519.00000012,11.250733073715068,0.32001658923972437
268,443.1033078902835,500.58856196913337,2.6,3,92.0618315274311,132.3845959070751,193.185,226.0,5140484335.417514,201707519.00000012,11.278447862899327,0.32291367727989895
269,443.1286864116059,500.58856196913337,2.6,3,91.44384794640355,132.3845959070751,192.99,226.0,5145387223.687513,201707519.00000012,11.285524079926102,0.32310393437035295
270,445.36784353087006,500.58856196913337,2.615,3,92.50496618225829,132.3845959070751,194.105,226.0,5191258220.880013,201707519.00000012,11.257530111539122,0.3190786821832741
271,458.0875639653607,500.58856196913337,2.7,3,105.08214581409396,132.3845959070751,202.56,226.0,5326054282.552514,201707519.00000012,10.792772660200155,0.28448017277503806
272,456.78650615314194,500.58856196913337,2.69,3,104.08208216614531,132.3845959070751,201.785,226.0,5298917801.045014,201707519.00000012,10.840876574939806,0.28789653596570214
273,456.78650615314194,500.58856196913337,2.69,3,104.08208216614531,132.3845959070751,201.785,226.0,5298917801.045014,201707519.00000012,10.840113217839688,0.28789653578141644
274,457.6091374746674,500.58856196913337,2.695,3,104.59961651260186,132.3845959070751,202.235,226.0,5310924372.572514,201707519.00000012,10.813885446694583,0.2861240670282624
275,461.47815594502345,500.58856196913337,2.72,3,106.11329540989786,132.3845959070751,204.05,226.0,5379286969.640014,201707519.00000012,10.65493727252663,0.27655442984614514
276,461.47815594502345,500.58856196913337,2.72,3,106.11329540989786,132.3845959070751,204.05,226.0,5379286969.640014,201707519.00000012,10.654617568382692,0.2765559424064326
277,460.8258070769266,500.58856196913337,2.715,3,105.70877064967618,132.3845959070751,203.695,226.0,5367259145.632514,201707519.00000012,10.680010357641864,0.2783077842881964
278,460.7854401622163,500.58856196913337,2.715,3,105.75375847499585,132.3845959070751,203.695,226.0,5366321952.907514,201707519.00000012,10.676814561365441,0.27820134356543863
279,460.73965804746945,500.58856196913337,2.715,3,105.90073457927443,132.3845959070751,203.725,226.0,5360039029.215014,201707519.00000012,10.633685478016057,0.27645103417198696
280,461.4260193492415,500.58856196913337,2.72,3,106.3017576615146,132.3845959070751,204.09,226.0,5371792045.122514,201707519.00000012,10.611053873469945,0.27478574599416683
281,460.79652283249845,500.58856196913337,2.715,3,105.81423327849048,132.3845959070751,203.715,226.0,5359852347.720014,201707519.00000012,10.636521781435462,0.2765254688356838
282,463.0587152757132,500.58856196913337,2.73,3,106.71283335241715,132.3845959070751,204.78,226.0,5400201605.137515,201707519.00000012,10.390103777707315,0.26962395260043004
283,460.98017484138757,500.58856196913337,2.715,3,105.58324385151937,132.3845959070751,203.7,226.0,5360716827.390014,201707519.00000012,10.482201247781191,0.2750960537949467
284,445.13245845348916,505.1580188009479,2.6025,3,94.78767060549949,139.98425385131662,194.75,230.0,5099568288.400013,201707519.00000012,10.95522068957135,0.31811030505899895
285,403.79216915229847,505.1580188009479,2.305,3,67.8086985898411,139.98425385131662,171.8,230.0,4425243754.47251,201707519.00000012,11.322658877895686,0.39426209219837444
286,339.21364564143573,505.1580188009479,1.8325,3,31.028622174309188,139.98425385131662,137.7,230.0,3295019735.4425054,201707519.00000012,10.930653018271206,0.446719814026668
287,254.5431107528526,505.1580188009479,1.2325,3,-19.81793367183385,139.98425385131662,92.135,230.0,1948436032.4799993,201707519.00000012,9.745303121084518,0.4298961760839742
288,282.2525644708621,505.1580188009479,1.44,3,6.448119011201752,139.98425385131662,110.21,230.0,2307398514.442498,201707519.00000012,9.692793154248356,0.4157855589583947
289,350.2657767064168,505.1580188009479,1.8375,3,59.909170893081935,139.98425385131662,151.135,230.0,3648460842.372496,201707519.00000012,8.845043554406345,0.40914586943266806
290,329.24328415610194,505.1580188009479,1.7675,3,38.62669879355017,139.98425385131662,136.785,230.0,3316811583.4875026,201707519.00000012,11.964956578137318,0.42388948221192085
291,221.03320740819694,505.1580188009479,1.0875,3,-18.559217741582852,139.98425385131662,81.04,230.0,1966247425.7075028,201707519.00000012,11.711507153129832,0.3519629370280679
292,82.18146448526164,505.1580188009479,0.135,3,-90.83618973101835,139.98425385131662,9.975,230.0,356242649.4275001,201707519.00000012,5.991986276524449,0.1505331542972671
293,83.98898846853044,505.1580188009479,0.145,3,-90.31211305803157,139.98425385131662,10.76,230.0,360972327.1775001,200446846.99999982,5.880505306733036,0.15251303353324777
294,93.345975930546,505.1580188009479,0.2,3,-87.39566680176372,139.98425385131662,14.9,230.0,418332942.1250002,200281758.9999995,5.969306231689238,0.17370693767719117
295,115.16289548129615,505.1580188009479,0.3325,3,-79.56414355455769,139.98425385131662,24.895,230.0,571760494.9,200281758.9999995,6.626968884657391,0.22791620411250893
296,156.30095138816552,505.1580188009479,0.595,3,-63.03027955895384,139.98425385131662,44.325,230.0,872952763.3075001,200281758.9999995,7.434274510433954,0.2956172326827659
297,236.9034874135397,505.1580188009479,1.095,3,-27.86714954672743,139.98425385131662,83.305,230.0,1439163720.1050003,200281758.9999995,8.01971817793422,0.36878458045274987
298,309.40806120043476,505.1580188009479,1.525,3,14.900835851287956,139.98425385131662,122.19,230.0,2397674085.4925003,200281758.9999995,10.161959766986385,0.4417878131692176
299,374.3262616623282,505.1580188009479,2.0125,3,76.85528224107344,139.98425385131662,165.015,230.0,3895496981.4125013,200281758.9999995,10.433582177975309,0.4537227600834939
300,449.92367309956796,505.1580188009479,2.565,3,104.07537686290355,139.98425385131662,199.425,230.0,4730842270.960006,200281758.9999995,7.635724033711024,0.3634970086005542
301,467.7096491070058,505.1580188009479,2.745,3,114.11521537802389,139.98425385131662,208.7,230.0,4867854099.575011,200281758.9999995,3.328607312306654,0.24065854143745985
302,478.4000255218253,505.1580188009479,2.805,3,122.25013311504148,139.98425385131662,215.03,230.0,5058015402.280013,200281758.9999995,2.5654953231463864,0.22060273018363266
303,478.4000255218253,505.1580188009479,2.805,3,122.25013311504148,139.98425385131662,215.03,230.0,5058015402.280013,200281758.9999995,2.5655023207559697,0.22060302704889279
304,476.3200446759458,505.1580188009479,2.79,3,121.19055819524132,139.98425385131662,213.975,230.0,5027355444.220013,200281758.9999995,2.740609720228616,0.22879932301452707
305,474.17990180546474,505.1580188009479,2.775,3,119.99794367955809,139.98425385131662,212.85,230.0,4988127570.625012,200281758.9999995,2.9042861789910694,0.23501980315413068
306,474.1702807130938,505.1580188009479,2.775,3,120.22093383397205,139.98425385131662,212.92,230.0,4987107616.495013,200281758.9999995,2.901185015651464,0.23482173055651717
307,474.1702807130938,505.1580188009479,2.775,3,120.22093383397205,139.98425385131662,212.92,230.0,4987107616.495013,200281758.9999995,2.901068459333473,0.23482188676336269
308,477.6233918104331,505.1580188009479,2.8,3,122.48359425255805,139.98425385131662,214.845,230.0,5048994952.645013,200281758.9999995,2.618229582757179,0.2239541491225189
309,476.83393688708514,505.1580188009479,2.795,3,122.07404886453442,139.98425385131662,214.44,230.0,5035702315.940013,200281758.9999995,2.6766019102972987,0.2262448932020253
310,476.963957687295,505.1580188009479,2.795,3,121.9995620028301,139.98425385131662,214.46,230.0,5036872405.940013,200281758.9999995,2.675744056025812,0.22628397755327379
311,476.1980476103922,505.1580188009479,2.79,3,121.6280151508222,139.98425385131662,214.075,230.0,5022900672.825013,200281758.9999995,2.7319034881286917,0.22840627331413255
312,474.8141555065054,505.1580188009479,2.78,3,120.84844321779772,139.98425385131662,213.345,230.0,4997322298.955013,200281758.9999995,2.843228076495404,0.23257514931943793
313,474.78174608597254,505.1580188009479,2.78,3,120.91243823040448,139.98425385131662,213.355,230.0,4997030670.695013,200281758.9999995,2.842974103461325,0.2325826483276448
314,474.78174608597254,505.1580188009479,2.78,3,120.91243823040448,139.98425385131662,213.355,230.0,4997030670.695013,200281758.9999995,2.843000209946761,0.2325816925390728
315,475.42998787188844,505.1580188009479,2.785,3,121.37746720226063,139.98425385131662,213.73,230.0,5009498874.310013,200281758.9999995,2.788992539820304,0.23061602590506305
316,478.0470594458742,505.1580188009479,2.805,3,123.09409296812842,139.98425385131662,215.19,230.0,5059115579.490013,200281758.9999995,2.564719086128036,0.22203629756919283
317,477.44416611390176,505.1580188009479,2.8,3,122.5235622589634,139.98425385131662,214.795,230.0,5046771689.235013,200281758.9999995,2.6229798787873944,0.22436146285878475
318,478.59810128576953,505.1580188009479,2.81,3,123.80209514447954,139.98425385131662,215.61,230.0,5067606635.447514,200281758.9999995,2.5094964940341713,0.2199027516352505
319,478.00973673398863,505.1580188009479,2.805,3,123.19957050216337,139.98425385131662,215.21,230.0,5056069880.795012,200281758.9999995,2.5663064989655386,0.22212313272020132
320,477.9336186409206,505.1580188009479,2.805,3,123.30856226060013,139.98425385131662,215.22,230.0,5055414745.545012,200281758.9999995,2.5665278941928906,0.22213684159855035
321,477.34984843689176,505.1580188009479,2.8,3,122.8365373207182,139.98425385131662,214.865,230.0,5043731325.490013,200281758.9999995,2.622076284672655,0.22427597924475587
322,476.0604885157594,505.1580188009479,2.79,3,121.85547071905141,139.98425385131662,214.1,230.0,5018614343.295012,200281758.9999995,2.73539408826417,0.22861309271592753
323,476.0604885157594,505.1580188009479,2.79,3,121.85547071905141,139.98425385131662,214.1,230.0,5018614343.295012,200281758.9999995,2.7353940882448002,0.22861309271490596
324,473.4434316433242,505.1580188009479,2.77,3,119.88733573704712,139.98425385131662,212.555,230.0,4968210589.150013,200281758.9999995,2.9582640517721246,0.23687102370415303
325,473.4434316433242,505.1580188009479,2.77,3,119.88733573704712,139.98425385131662,212.555,230.0,4968210589.150013,200281758.9999995,2.958200786605763,0.23687597884198522
326,473.529331413106,505.1580188009479,2.77,3,119.85784524533231,139.98425385131662,212.575,230.0,4969099585.210012,200281758.9999995,2.9593241856574313,0.23695381502597657
327,472.80551601696266,505.1580188009479,2.765,3,119.44130486751561,139.98425385131662,212.19,230.0,4956073578.7550125,200281758.9999995,3.0150018371293257,0.23898438670987907
328,475.4147830732108,505.1580188009479,2.785,3,121.31090491672585,139.98425385131662,213.695,230.0,4993095791.500012,194770799.0000001,2.845791589104287,0.23260157790013664
329,475.4056564441395,505.1580188009479,2.785,3,121.29190047730187,139.98425385131662,213.685,230.0,4992518080.240013,194770799.0000001,2.8467569478028083,0.23265391619707018
330,475.4056564441395,505.1580188009479,2.785,3,121.29190047730187,139.98425385131662,213.685,230.0,4992518080.240013,194770799.0000001,2.846720231003438,0.23265391635503901
331,474.2508627976669,505.1580188009479,2.775,3,120.24584810703178,139.98425385131662,212.945,230.0,4968678957.030013,194770799.0000001,2.9560719942238682,0.23662811640934042
332,475.63496843978254,505.1580188009479,2.785,3,120.96492054702408,139.98425385131662,213.655,230.0,4994329496.140013,194770799.0000001,2.8468167945418177,0.23266222281703453
333,474.97679358199525,505.1580188009479,2.78,3,120.54138469114085,139.98425385131662,213.29,230.0,4981532477.675013,194770799.0000001,2.901919101720593,0.2346789019194027
334,475.00504924117735,505.1580188009479,2.78,3,120.40738743573382,139.98425385131662,213.255,230.0,4981777814.165012,194770799.0000001,2.9029546059001476,0.23473515270677478
335,476.3220533562118,505.1580188009479,2.79,3,121.37545448815716,139.98425385131662,214.025,230.0,5007026034.315013,194770799.0000001,2.791916509367277,0.2306503348742035
336,475.4891125978429,505.1580188009479,2.785,3,121.01090408515756,139.98425385131662,213.62,230.0,4993587329.3800125,194770799.0000001,2.849431011984351,0.2328565045407337
337,472.71922692059786,505.1580188009479,2.765,3,119.26075247184468,139.98425385131662,212.095,230.0,4942427996.120013,194770799.0000001,3.0693568915777676,0.24091430136707168
338,472.0720387878558,505.1580188009479,2.76,3,118.79571808085294,139.98425385131662,211.72,230.0,4929734954.115013,194770799.0000001,3.120688269203872,0.2428469481572421
339,470.5715154577636,505.1580188009479,2.75,3,118.04912839888603,139.98425385131662,210.96,230.0,4902807149.855012,194770799.0000001,3.227089619196926,0.24661298680310592
340,469.05837218937864,505.1580188009479,2.74,3,117.28354004153017,139.98425385131662,210.19,230.0,4876504479.5050125,194770799.0000001,3.331545599321205,0.25031836150404474
341,468.3980942043308,505.1580188009479,2.735,3,116.86000746017649,139.98425385131662,209.825,230.0,4864391121.290012,194770799.0000001,3.3800694345946964,0.252052622069943
342,468.9803058604046,505.1580188009479,2.74,3,117.3320345123377,139.98425385131662,210.18,230.0,4876895974.105012,194770799.0000001,3.3271147175446627,0.2502099877072627
343,468.12756036904256,505.1580188009479,2.735,3,117.05047824929032,139.98425385131662,209.795,230.0,4862481678.650012,194770799.0000001,3.380166358662535,0.2520353035907346
344,466.8097755742254,505.1580188009479,2.725,3,116.20340986300583,139.98425385131662,209.065,230.0,4837327222.120012,194770799.0000001,3.48312342552761,0.25552091695855056
345,466.8097755742254,505.1580188009479,2.725,3,116.20340986300583,139.98425385131662,209.065,230.0,4837327222.120012,194770799.0000001,3.483072510564849,0.25552058161541064
346,465.40930252550453,505.1580188009479,2.715,3,115.03234506327917,139.98425385131662,208.2,230.0,4812667902.330012,194770799.0000001,3.5844520141716227,0.2589099895689855
347,465.24128059909424,505.1580188009479,2.715,3,114.85883414993538,139.98425385131662,208.085,230.0,4811969511.6300125,193283998.99999994,3.583966647879998,0.2588781875766488
348,449.64277472689554,521.0958109383922,2.6025,3,105.41457549610939,166.58365147320552,199.645,244.0,4535303976.135011,193283998.99999994,4.702587600779795,0.2964855168976741
349,409.56363546170473,521.0958109383922,2.3175,3,80.72061407854204,166.58365147320552,177.815,244.0,3834623640.9600096,193283998.99999994,6.840319411213826,0.3570891960633399
350,344.4397364804715,521.0958109383922,1.8525,3,38.98953542562738,166.58365147320552,141.82,244.0,2705485277.2150054,193283998.99999994,8.358108088057632,0.39414357626671165
